{
	"blueprint_shader": {
		"alpha_base": 1.0,
		"chunk_scale": 500.0,
		"chunk_speed": 0.399999999999636,
		"edge_glow": 1.5,
		"grid_density": 40.0,
		"grid_thickness": 0.0300000000006548,
		"holo_color_b": 0.55,
		"holo_color_g": 0.35,
		"holo_color_r": 0.05,
		"scanline_density": 40.0,
		"scanline_opacity": 0.149999999999636
	},
	"lane_1_blue": {
		"row_1": 0.709999999999127
	},
	"lane_2_yellow": {
		"row_1": 0.420000000000073,
		"row_2": 0.530000000000655
	},
	"lane_3_red": {
		"row_1": 0.1200000000008,
		"row_2": 0.180000000000291,
		"row_3": 0.239999999999782,
		"row_4": 0.299999999999272
	},
	"preview": {
		"label_offset_x": 0.0,
		"label_offset_y": 0.0,
		"position_y": 0.780000000000655
	},
	"space_traffic": {
		"label_offset_x_looking_left": 35.0,
		"label_offset_x_looking_right": -185.0,
		"show_lane_background": false
	},
	"spaceship": {
		"afterburner_trail_offset_x": 20.0,
		"despawn_offset": 850.0,
		"spawn_offset": 100.0
	}
}
